City_ID,City,Country,Date,Lat,Lng,Max Temp,Humidity,Cloudiness,Wind Speed,Description
0,Arvika,SE,2021-12-10 17:39:51,59.6553,12.5852,32.7,99,100,7.18,light snow
1,Khatanga,RU,2021-12-10 17:35:23,71.9667,102.5,-34.53,100,100,4.99,overcast clouds
2,Bluff,NZ,2021-12-10 17:32:29,-46.6,168.3333,55.8,79,100,9.66,overcast clouds
3,Nanortalik,GL,2021-12-10 17:39:52,60.1432,-45.2371,27.73,79,100,5.37,overcast clouds
4,Yajalon,MX,2021-12-10 17:39:53,17.2333,-92.3333,75.02,40,13,3.42,few clouds
5,Lodja,CD,2021-12-10 17:39:53,-3.4833,23.4333,74.01,85,96,2.44,light rain
6,Poum,NC,2021-12-10 17:34:04,-20.2333,164.0167,81.77,78,100,13.58,overcast clouds
7,Ahipara,NZ,2021-12-10 17:39:54,-35.1667,173.1667,63.99,96,77,5.03,broken clouds
8,Mataura,NZ,2021-12-10 17:32:36,-46.1927,168.8643,55.47,95,100,1.41,overcast clouds
9,Beloha,MG,2021-12-10 17:39:55,-25.1667,45.05,75.92,79,95,10.29,overcast clouds
10,Chulym,RU,2021-12-10 17:39:56,55.0997,80.9572,11.26,92,93,8.66,overcast clouds
11,Cherskiy,RU,2021-12-10 17:34:10,68.75,161.3,-42.84,97,99,5.14,overcast clouds
12,Rikitea,PF,2021-12-10 17:30:56,-23.1203,-134.9692,76.05,73,98,17.69,overcast clouds
13,Hobart,AU,2021-12-10 17:30:03,-42.8794,147.3294,51.66,87,75,3.0,light intensity shower rain
14,New Norfolk,AU,2021-12-10 17:30:54,-42.7826,147.0587,51.3,76,64,1.9,broken clouds
15,Lardos,GR,2021-12-10 17:39:57,36.0942,28.0157,63.95,75,44,18.19,scattered clouds
16,San Jose,US,2021-12-10 17:36:55,37.3394,-121.895,53.78,76,1,0.0,clear sky
17,Cuiluan,CN,2021-12-10 17:39:58,47.72,128.648,7.83,97,66,2.66,broken clouds
18,Luoyang,CN,2021-12-10 17:39:58,34.6836,112.4536,45.03,86,100,4.68,overcast clouds
19,Black River,JM,2021-12-10 17:39:59,18.0264,-77.8487,84.97,55,9,7.52,clear sky
20,Atuona,PF,2021-12-10 17:32:34,-9.8,-139.0333,77.97,73,43,14.0,scattered clouds
21,Ternitz,AT,2021-12-10 17:40:00,47.7156,16.0357,31.51,95,45,4.36,scattered clouds
22,Kidal,ML,2021-12-10 17:40:00,18.4411,1.4078,74.8,7,94,10.51,overcast clouds
23,Pionerskiy,RU,2021-12-10 17:40:01,54.9508,20.2275,33.64,88,100,13.09,overcast clouds
24,Torbay,CA,2021-12-10 17:30:52,47.6666,-52.7314,29.57,77,75,18.41,broken clouds
25,Tadine,NC,2021-12-10 17:40:01,-21.55,167.8833,78.28,85,98,12.12,overcast clouds
26,Barrow,US,2021-12-10 17:35:01,71.2906,-156.7887,-2.18,84,90,5.75,overcast clouds
27,Busselton,AU,2021-12-10 17:30:42,-33.65,115.3333,58.08,87,7,4.97,clear sky
28,Codrington,AU,2021-12-10 17:30:45,-38.2667,141.9667,55.47,68,99,11.43,overcast clouds
29,Vung Tau,VN,2021-12-10 17:38:30,10.346,107.0843,76.78,76,86,4.68,overcast clouds
30,Husavik,IS,2021-12-10 17:40:04,66.0449,-17.3389,19.31,87,56,13.49,broken clouds
31,Derzhavinsk,KZ,2021-12-10 17:40:05,51.1,66.3167,17.46,76,100,9.89,overcast clouds
32,Sioux Lookout,CA,2021-12-10 17:40:05,50.1001,-91.917,19.78,86,20,9.22,few clouds
33,Mount Gambier,AU,2021-12-10 17:40:06,-37.8333,140.7667,53.51,76,90,8.05,overcast clouds
34,Saint George,US,2021-12-10 17:35:26,37.1041,-113.5841,44.64,44,1,8.99,clear sky
35,Dikson,RU,2021-12-10 17:34:09,73.5069,80.5464,-22.22,88,92,3.69,overcast clouds
36,Sisimiut,GL,2021-12-10 17:40:07,66.9395,-53.6735,16.68,71,100,9.55,overcast clouds
37,Cape Town,ZA,2021-12-10 17:27:44,-33.9258,18.4232,73.09,57,20,3.0,few clouds
38,Kodiak,US,2021-12-10 17:30:50,57.79,-152.4072,27.91,50,90,9.22,overcast clouds
39,Namibe,AO,2021-12-10 17:40:08,-15.1961,12.1522,71.96,70,21,13.02,few clouds
40,Burgeo,CA,2021-12-10 17:40:09,47.6167,-57.6152,26.35,66,25,11.95,scattered clouds
41,Bredasdorp,ZA,2021-12-10 17:32:41,-34.5322,20.0403,63.28,75,77,9.26,broken clouds
42,Yulara,AU,2021-12-10 17:40:09,-25.2406,130.9889,73.24,27,13,8.05,few clouds
43,Carnarvon,AU,2021-12-10 17:36:47,-24.8667,113.6333,71.67,78,0,19.57,clear sky
44,Albany,US,2021-12-10 17:27:01,42.6001,-73.9662,43.09,65,99,1.01,overcast clouds
45,Portland,US,2021-12-10 17:40:10,45.5234,-122.6762,43.75,92,90,4.0,overcast clouds
46,Luderitz,NA,2021-12-10 17:30:53,-26.6481,15.1594,64.06,82,0,14.2,clear sky
47,Dunhua,CN,2021-12-10 17:40:11,43.3725,128.2425,21.58,95,58,4.07,broken clouds
48,Sao Filipe,CV,2021-12-10 17:41:12,14.8961,-24.4956,76.51,65,41,9.75,scattered clouds
49,Hithadhoo,MV,2021-12-10 17:35:33,-0.6,73.0833,81.41,79,94,9.69,overcast clouds
50,Bima,ID,2021-12-10 17:41:12,-8.4667,118.7167,77.13,93,97,3.36,overcast clouds
51,Tocopilla,CL,2021-12-10 17:41:13,-22.092,-70.1979,68.77,64,16,6.64,few clouds
52,Bamiantong,CN,2021-12-10 17:41:13,44.9333,130.5333,22.3,86,20,10.4,few clouds
53,Srednekolymsk,RU,2021-12-10 17:41:14,67.45,153.6833,-48.64,100,69,2.75,broken clouds
54,Cabo San Lucas,MX,2021-12-10 17:41:14,22.8909,-109.9124,81.52,53,97,8.23,overcast clouds
55,Saldanha,ZA,2021-12-10 17:41:15,-33.0117,17.9442,66.25,91,52,10.36,broken clouds
56,Isangel,VU,2021-12-10 17:41:16,-19.55,169.2667,78.6,87,63,7.16,broken clouds
57,Maridi,SS,2021-12-10 17:41:16,4.9158,29.4742,83.01,33,63,2.57,broken clouds
58,Ejea De Los Caballeros,ES,2021-12-10 17:41:17,42.1263,-1.1372,53.74,81,97,28.19,overcast clouds
59,Inuvik,CA,2021-12-10 17:33:54,68.3499,-133.7218,-1.34,78,20,4.61,few clouds
60,Naze,JP,2021-12-10 17:29:42,28.3667,129.4833,62.76,64,16,7.25,few clouds
61,Caravelas,BR,2021-12-10 17:39:41,-17.7125,-39.2481,73.08,87,98,5.5,overcast clouds
62,Punta Arenas,CL,2021-12-10 17:41:18,-53.15,-70.9167,62.71,36,0,11.5,clear sky
63,Hamilton,US,2021-12-10 17:37:26,39.1834,-84.5333,57.42,84,90,1.01,overcast clouds
64,Biloxi,US,2021-12-10 17:40:51,30.396,-88.8853,80.6,46,75,10.36,broken clouds
65,San Patricio,US,2021-12-10 17:32:43,28.017,-97.5169,87.89,56,23,23.04,few clouds
66,Nikolskoye,RU,2021-12-10 17:33:50,59.7035,30.7861,11.8,82,84,10.63,broken clouds
67,Komsomolskiy,UZ,2021-12-10 17:41:20,40.4272,71.7189,35.02,80,56,4.61,mist
68,San Francisco,US,2021-12-10 17:41:12,37.7749,-122.4194,53.89,67,20,1.01,few clouds
69,Roald,NO,2021-12-10 17:39:45,62.5833,6.1333,36.34,60,0,10.36,clear sky
70,Hermanus,ZA,2021-12-10 17:41:21,-34.4187,19.2345,67.89,89,48,10.8,scattered clouds
71,Sao Joao Da Barra,BR,2021-12-10 17:41:21,-21.6403,-41.0511,82.49,73,12,12.12,few clouds
72,Valley City,US,2021-12-10 17:36:30,46.9233,-98.0032,27.59,82,100,4.76,overcast clouds
73,Kruisfontein,ZA,2021-12-10 17:36:53,-34.0033,24.7314,72.88,89,25,1.36,scattered clouds
74,Cavarzere,IT,2021-12-10 17:41:22,45.1356,12.0817,44.06,81,100,11.27,overcast clouds
75,Ushuaia,AR,2021-12-10 17:41:23,-54.8,-68.3,55.06,62,40,13.8,light rain
76,Iqaluit,CA,2021-12-10 17:41:24,63.7506,-68.5145,4.73,66,75,12.66,broken clouds
77,Sakakah,SA,2021-12-10 17:38:32,29.9697,40.2064,60.37,45,80,11.07,broken clouds
78,Jamestown,US,2021-12-10 17:36:32,42.097,-79.2353,49.3,65,75,5.57,broken clouds
79,Bella Vista,US,2021-12-10 17:41:25,36.4295,-94.2316,70.99,81,90,3.0,overcast clouds
80,Paamiut,GL,2021-12-10 17:41:25,61.994,-49.6678,20.34,83,100,8.68,overcast clouds
81,Upernavik,GL,2021-12-10 17:41:26,72.7868,-56.1549,0.39,86,84,6.53,broken clouds
82,Nouadhibou,MR,2021-12-10 17:41:19,20.931,-17.0347,76.98,33,17,12.66,few clouds
83,Ewa Beach,US,2021-12-10 17:38:37,21.3156,-158.0072,75.15,78,20,3.44,few clouds
84,Constitucion,CL,2021-12-10 17:39:14,-35.3333,-72.4167,64.24,75,53,12.3,broken clouds
85,Vaini,TO,2021-12-10 17:41:28,-21.2,-175.2,75.36,94,20,5.75,few clouds
86,Avarua,CK,2021-12-10 17:41:28,-21.2078,-159.775,73.45,100,86,1.14,overcast clouds
87,Chala,TZ,2021-12-10 17:41:22,-7.5833,31.2667,61.88,73,73,1.45,broken clouds
88,Sur,OM,2021-12-10 17:41:30,22.5667,59.5289,72.75,55,2,5.97,clear sky
89,Kaeo,NZ,2021-12-10 17:41:31,-35.1,173.7833,62.33,94,67,2.95,broken clouds
90,Kapaa,US,2021-12-10 17:41:31,22.0752,-159.319,75.52,78,75,1.01,light rain
91,Mar Del Plata,AR,2021-12-10 17:37:04,-38.0023,-57.5575,71.62,88,90,24.0,light rain
92,Butaritari,KI,2021-12-10 17:41:32,3.0707,172.7902,82.22,75,90,12.15,light rain
93,Saint-Augustin,CA,2021-12-10 17:42:33,51.226,-58.6502,19.0,44,0,12.57,clear sky
94,Kadoshkino,RU,2021-12-10 17:42:34,54.0257,44.4191,15.01,81,6,10.42,clear sky
95,Barceloneta,PR,2021-12-10 17:42:34,18.4505,-66.5385,87.62,77,16,17.49,few clouds
96,Okhotsk,RU,2021-12-10 17:42:35,59.3833,143.3,-12.05,85,1,9.4,clear sky
97,Alghero,IT,2021-12-10 17:42:36,40.5589,8.3181,55.49,62,20,14.97,few clouds
98,The Valley,AI,2021-12-10 17:42:36,18.217,-63.0578,85.86,65,40,17.27,scattered clouds
99,Haines Junction,CA,2021-12-10 17:42:37,60.7522,-137.5108,8.55,85,99,1.14,light snow
100,Ribeira Grande,PT,2021-12-10 17:42:37,38.5167,-28.7,64.8,88,40,9.22,scattered clouds
101,Maragogi,BR,2021-12-10 17:38:09,-9.0122,-35.2225,83.75,65,98,12.46,overcast clouds
102,Tolaga Bay,NZ,2021-12-10 17:42:39,-38.3667,178.3,64.6,76,89,3.76,overcast clouds
103,Praya,CV,2021-12-10 17:42:36,14.9215,-23.5087,75.74,64,53,20.71,broken clouds
104,Severo-Kurilsk,RU,2021-12-10 17:42:39,50.6789,156.125,32.31,83,11,2.55,few clouds
105,Aksarayskiy,RU,2021-12-10 17:42:40,46.7924,48.0119,35.55,78,100,12.77,overcast clouds
106,Hofn,IS,2021-12-10 17:38:08,64.2539,-15.2082,32.02,74,0,6.91,clear sky
107,Udachnyy,RU,2021-12-10 17:42:41,66.4167,112.4,-11.96,95,100,15.9,overcast clouds
108,Georgetown,MY,2021-12-10 17:40:52,5.4112,100.3354,79.9,88,20,1.01,few clouds
109,Mont-De-Marsan,FR,2021-12-10 17:42:42,44.0,-0.6667,51.44,94,90,6.91,overcast clouds
110,Shevchenkove,UA,2021-12-10 17:42:42,49.6959,37.1735,38.98,81,99,12.62,overcast clouds
111,Lasa,IT,2021-12-10 17:42:43,46.6166,10.7002,29.28,92,100,3.36,overcast clouds
112,Narsaq,GL,2021-12-10 17:42:43,60.9167,-46.05,34.02,61,100,10.49,overcast clouds
113,Norman Wells,CA,2021-12-10 17:42:44,65.282,-126.8329,-0.36,78,20,5.75,few clouds
114,Biltine,TD,2021-12-10 17:42:44,14.5333,20.9167,79.25,14,3,8.88,clear sky
115,Provideniya,RU,2021-12-10 17:42:45,64.3833,-173.3,-8.14,90,20,10.8,few clouds
116,Hasaki,JP,2021-12-10 17:42:45,35.7333,140.8333,36.0,71,16,8.97,few clouds
117,Puerto Ayora,EC,2021-12-10 17:42:46,-0.7393,-90.3518,76.96,90,89,5.01,overcast clouds
118,Muana,BR,2021-12-10 17:42:46,-1.5283,-49.2167,87.96,61,65,6.35,broken clouds
119,Touros,BR,2021-12-10 17:42:47,-5.1989,-35.4608,88.7,65,80,14.85,broken clouds
120,Slave Lake,CA,2021-12-10 17:42:48,55.2834,-114.769,13.98,85,1,3.44,light snow
121,Kattivakkam,IN,2021-12-10 17:42:48,13.2167,80.3167,81.07,85,7,9.4,clear sky
122,Mizdah,LY,2021-12-10 17:42:49,31.4451,12.9801,50.25,36,0,10.07,clear sky
123,Mustafabad,PK,2021-12-10 17:42:49,30.8922,73.4989,58.86,23,0,3.8,clear sky
124,Saskylakh,RU,2021-12-10 17:42:07,71.9167,114.0833,-11.63,97,100,8.5,overcast clouds
125,Guadalupe Y Calvo,MX,2021-12-10 17:42:50,26.1,-106.9667,55.22,50,1,15.01,clear sky
126,Labuhan,ID,2021-12-10 17:42:51,-6.8844,112.2051,78.4,86,100,7.78,overcast clouds
127,Port Elizabeth,ZA,2021-12-10 17:42:51,-33.918,25.5701,75.09,92,36,4.88,scattered clouds
128,Victoria,HK,2021-12-10 17:39:51,22.2855,114.1577,70.25,77,59,11.01,broken clouds
129,Qaanaaq,GL,2021-12-10 17:42:52,77.484,-69.3632,-0.06,76,95,6.22,overcast clouds
130,Gallup,US,2021-12-10 17:42:47,35.5281,-108.7426,36.36,80,90,5.99,snow
131,Hilo,US,2021-12-10 17:42:08,19.7297,-155.09,73.8,46,90,3.44,overcast clouds
132,San Policarpo,PH,2021-12-10 17:42:53,12.1791,125.5072,79.75,87,100,12.64,overcast clouds
133,Ottumwa,US,2021-12-10 17:41:33,41.02,-92.4113,44.83,75,90,18.41,overcast clouds
134,Doha,QA,2021-12-10 17:38:21,25.2867,51.5333,73.38,53,0,6.91,clear sky
135,Saint-Philippe,RE,2021-12-10 17:42:54,-21.3585,55.7679,78.39,73,80,11.39,broken clouds
136,Port Alfred,ZA,2021-12-10 17:42:55,-33.5906,26.891,73.56,87,50,14.23,scattered clouds
137,Beringovskiy,RU,2021-12-10 17:42:55,63.05,179.3167,-15.38,95,81,8.03,broken clouds
138,Seoul,KR,2021-12-10 17:39:01,37.5683,126.9778,40.44,93,40,2.3,fog
139,Isiro,CD,2021-12-10 17:42:56,2.7739,27.616,70.77,73,100,2.55,overcast clouds
140,Ancud,CL,2021-12-10 17:43:57,-41.8697,-73.8203,71.42,64,57,9.82,broken clouds
141,Pozo Colorado,PY,2021-12-10 17:43:58,-23.4923,-58.7972,105.39,11,74,4.5,broken clouds
142,Dingle,PH,2021-12-10 17:43:58,10.9995,122.6711,76.26,93,100,11.07,overcast clouds
143,Byron Bay,AU,2021-12-10 17:43:59,-28.65,153.6167,66.09,69,0,10.78,clear sky
144,Kasongo,CD,2021-12-10 17:44:00,-4.45,26.6667,72.82,89,96,1.9,light rain
145,Nalut,LY,2021-12-10 17:44:00,30.3333,10.85,50.05,36,0,7.4,clear sky
146,Ferme-Neuve,CA,2021-12-10 17:44:01,46.7001,-75.4493,22.78,89,100,5.97,light snow
147,Lithakia,GR,2021-12-10 17:44:02,37.7167,20.8333,57.58,71,40,9.22,scattered clouds
148,Thompson,CA,2021-12-10 17:43:36,55.7435,-97.8558,8.76,78,75,3.44,light snow
149,Chara,RU,2021-12-10 17:44:02,56.9064,118.2631,-6.23,93,100,1.03,overcast clouds
150,Port Lincoln,AU,2021-12-10 17:38:11,-34.7333,135.8667,56.71,81,68,12.39,broken clouds
151,Tiksi,RU,2021-12-10 17:35:32,71.6872,128.8694,-4.65,93,100,10.51,overcast clouds
152,Talnakh,RU,2021-12-10 17:44:03,69.4865,88.3972,-28.1,98,83,8.23,broken clouds
153,Chokurdakh,RU,2021-12-10 17:44:04,70.6333,147.9167,-47.34,100,67,3.27,broken clouds
154,Vila Velha,BR,2021-12-10 17:38:03,-20.3297,-40.2925,80.55,80,40,3.0,scattered clouds
155,Ponta Do Sol,PT,2021-12-10 17:44:05,32.6667,-17.1,66.13,65,18,9.35,few clouds
156,East London,ZA,2021-12-10 17:38:12,-33.0153,27.9116,77.94,73,0,11.5,light rain
157,Nueva Gerona,CU,2021-12-10 17:40:08,21.8833,-82.8,81.16,64,24,15.48,few clouds
158,Manchar,IN,2021-12-10 17:44:06,19.0,73.9333,70.41,55,10,6.2,clear sky
159,Monroe,US,2021-12-10 17:42:53,43.1501,-77.6831,47.86,66,75,12.66,broken clouds
160,Margate,GB,2021-12-10 17:44:06,51.3813,1.3862,43.3,78,74,8.99,broken clouds
161,Padang,ID,2021-12-10 17:34:13,-0.9492,100.3543,78.85,88,99,2.91,overcast clouds
162,Lavrentiya,RU,2021-12-10 17:44:07,65.5833,-171.0,-9.89,83,95,9.64,overcast clouds
163,Esperance,AU,2021-12-10 17:36:52,-33.8667,121.9,58.84,83,2,12.75,clear sky
164,Sarkand,KZ,2021-12-10 17:44:07,45.41,79.9186,23.58,55,0,7.54,clear sky
165,Ballina,AU,2021-12-10 17:44:08,-28.8667,153.5667,66.16,72,40,6.91,scattered clouds
166,Petawawa,CA,2021-12-10 17:44:09,45.9001,-77.3328,24.39,86,90,5.75,overcast clouds
167,Laguna,US,2021-12-10 17:44:09,38.421,-121.4238,52.05,78,1,1.99,clear sky
168,Gizo,SB,2021-12-10 17:44:10,-8.103,156.8419,81.18,83,100,12.03,overcast clouds
169,Dukat,RU,2021-12-10 17:44:10,62.55,155.55,-23.71,70,2,2.93,clear sky
170,Richards Bay,ZA,2021-12-10 17:44:11,-28.783,32.0377,76.86,85,24,13.73,few clouds
171,Hellvik,NO,2021-12-10 17:44:12,59.9156,5.781,36.16,67,37,5.66,scattered clouds
172,Clyde River,CA,2021-12-10 17:41:12,70.4692,-68.5914,-12.77,77,40,5.75,scattered clouds
173,Pevek,RU,2021-12-10 17:34:13,69.7008,170.3133,-30.57,98,99,3.15,overcast clouds
174,Bonavista,CA,2021-12-10 17:39:34,48.6499,-53.1147,28.11,69,97,21.03,overcast clouds
175,Tasiilaq,GL,2021-12-10 17:35:30,65.6145,-37.6368,32.16,93,100,25.39,light snow
176,Geraldton,AU,2021-12-10 17:44:13,-28.7667,114.6,68.13,77,75,8.05,broken clouds
177,Castro,BR,2021-12-10 17:44:14,-24.7911,-50.0119,78.96,35,0,5.21,clear sky
178,Sao Jose De Ribamar,BR,2021-12-10 17:44:14,-2.5619,-44.0542,82.78,78,72,16.96,broken clouds
179,Shihezi,CN,2021-12-10 17:44:15,44.3,86.0333,17.1,88,11,0.51,few clouds
180,Mumford,GH,2021-12-10 17:44:15,5.2618,-0.759,81.61,81,71,9.66,broken clouds
181,Kaili,ID,2021-12-10 17:44:16,-3.4626,120.2147,67.1,92,100,3.51,heavy intensity rain
182,Pecos,US,2021-12-10 17:44:02,31.4229,-103.4932,74.05,28,75,19.57,broken clouds
183,Evensk,RU,2021-12-10 17:44:18,61.95,159.2333,-17.93,79,100,4.41,overcast clouds
184,Katsuura,JP,2021-12-10 17:35:19,35.1333,140.3,46.51,77,5,5.93,clear sky
185,Areosa,PT,2021-12-10 17:44:19,41.7178,-8.8571,56.32,90,83,7.96,broken clouds
186,Saint-Pierre,RE,2021-12-10 17:44:19,-21.3393,55.4781,78.48,72,0,18.41,clear sky
187,Korla,CN,2021-12-10 17:43:33,41.7597,86.1469,23.43,62,0,2.73,clear sky
188,Nemuro,JP,2021-12-10 17:44:08,43.3236,145.575,38.61,79,55,3.8,broken clouds
189,Roma,US,2021-12-10 17:42:03,43.2128,-75.4557,44.83,74,90,5.75,overcast clouds
190,Khandyga,RU,2021-12-10 17:45:21,62.6667,135.6,-9.22,99,100,2.35,overcast clouds
191,Mtsensk,RU,2021-12-10 17:41:19,53.2766,36.5733,26.11,90,96,13.44,overcast clouds
192,Xai-Xai,MZ,2021-12-10 17:45:17,-25.0519,33.6442,78.82,77,93,14.18,overcast clouds
193,Jatai,BR,2021-12-10 17:40:25,-17.8814,-51.7144,90.43,31,76,6.82,broken clouds
194,Kahului,US,2021-12-10 17:38:16,20.8947,-156.47,75.85,88,20,6.91,few clouds
195,Tharad,IN,2021-12-10 17:45:22,24.3961,71.6267,66.7,29,5,9.26,clear sky
196,Vallenar,CL,2021-12-10 17:45:17,-28.5708,-70.7581,78.91,30,10,13.94,clear sky
197,Nuevo Progreso,MX,2021-12-10 17:45:23,23.1667,-97.95,83.59,69,64,4.0,broken clouds
198,Temir,KZ,2021-12-10 17:45:24,49.1414,57.13,25.48,77,96,9.78,overcast clouds
199,Tessalit,ML,2021-12-10 17:45:24,20.1986,1.0114,73.31,7,100,9.75,overcast clouds
200,Staunton,US,2021-12-10 17:45:25,38.1496,-79.0717,55.11,48,90,1.01,overcast clouds
201,La Ronge,CA,2021-12-10 17:45:20,55.1001,-105.2842,16.05,79,75,9.22,light snow
202,Hinton,CA,2021-12-10 17:45:26,53.4001,-117.5857,17.64,72,54,8.08,broken clouds
203,Praia Da Vitoria,PT,2021-12-10 17:45:26,38.7333,-27.0667,63.75,94,75,12.21,broken clouds
204,Salalah,OM,2021-12-10 17:45:27,17.0151,54.0924,78.89,69,0,0.0,clear sky
205,Alta Floresta,BR,2021-12-10 17:39:37,-9.8756,-56.0861,75.02,100,75,10.36,moderate rain
206,Bouza,NE,2021-12-10 17:45:27,14.4229,6.0428,75.87,14,19,9.82,few clouds
207,Grand Gaube,MU,2021-12-10 17:39:43,-20.0064,57.6608,79.2,71,100,4.0,overcast clouds
208,Villa Carlos Paz,AR,2021-12-10 17:45:28,-31.4241,-64.4978,68.25,10,73,5.01,broken clouds
209,Port Moresby,PG,2021-12-10 17:45:29,-9.4431,147.1797,74.62,100,75,3.44,broken clouds
210,Belle Glade,US,2021-12-10 17:40:51,26.6845,-80.6676,85.01,62,5,4.85,clear sky
211,Kungurtug,RU,2021-12-10 17:45:30,50.5994,97.5228,-0.15,99,100,1.12,overcast clouds
212,Kolvereid,NO,2021-12-10 17:45:30,64.8655,11.6047,31.23,78,47,8.88,scattered clouds
213,Robertsport,LR,2021-12-10 17:45:31,6.7533,-11.3686,83.35,75,46,11.34,scattered clouds
214,Yellowknife,CA,2021-12-10 17:44:42,62.456,-114.3525,-12.59,95,20,3.44,few clouds
215,Adre,TD,2021-12-10 17:45:31,13.4667,22.2,74.88,16,1,8.81,clear sky
216,Boyle,US,2021-12-10 17:45:32,37.6334,-84.8666,59.02,88,90,9.22,overcast clouds
217,Pryazha,RU,2021-12-10 17:45:32,61.6926,33.6216,6.03,83,91,6.2,overcast clouds
218,Tuktoyaktuk,CA,2021-12-10 17:39:42,69.4541,-133.0374,-7.6,77,75,11.5,broken clouds
219,Hami,CN,2021-12-10 17:45:33,42.8,93.45,25.36,46,17,6.69,few clouds
220,Miraflores,MX,2021-12-10 17:45:34,19.2167,-98.8083,68.04,32,7,3.36,clear sky
221,Banda Aceh,ID,2021-12-10 17:45:35,5.5577,95.3222,78.37,81,100,7.54,overcast clouds
222,Ambulu,ID,2021-12-10 17:45:35,-8.345,113.6058,76.71,89,24,2.13,few clouds
223,Gisborne,NZ,2021-12-10 17:45:36,-38.6533,178.0042,65.95,83,91,8.88,overcast clouds
224,Prince Rupert,CA,2021-12-10 17:45:37,54.3161,-130.3201,44.29,87,90,12.66,moderate rain
225,Aksay,RU,2021-12-10 17:44:45,47.26,39.87,48.25,61,99,8.99,overcast clouds
226,Bethlehem,BR,2021-12-10 17:44:34,-1.4558,-48.5044,80.64,89,75,4.61,broken clouds
227,Bosaso,SO,2021-12-10 17:45:38,11.2842,49.1816,76.46,73,23,10.11,few clouds
228,Flinders,AU,2021-12-10 17:45:39,-34.5833,150.8552,60.21,78,95,17.49,overcast clouds
229,Broome,US,2021-12-10 17:44:56,42.2506,-75.833,43.21,69,90,1.99,overcast clouds
230,Utete,TZ,2021-12-10 17:46:39,-7.986,38.758,74.3,87,26,4.38,scattered clouds
231,Lazaro Cardenas,MX,2021-12-10 17:46:40,17.9583,-102.2,85.33,62,72,3.91,broken clouds
232,Ketchikan,US,2021-12-10 17:46:41,55.3422,-131.6461,37.87,87,90,11.5,moderate rain
233,Pacific Grove,US,2021-12-10 17:44:02,36.6177,-121.9166,54.43,82,1,1.99,clear sky
234,Hobyo,SO,2021-12-10 17:46:42,5.3505,48.5268,78.62,72,30,18.88,scattered clouds
235,Samarai,PG,2021-12-10 17:46:43,-10.6167,150.6667,81.45,79,95,14.92,overcast clouds
236,Prata,BR,2021-12-10 17:46:44,-19.3072,-48.9242,89.91,26,2,6.2,clear sky
237,Grindavik,IS,2021-12-10 17:46:45,63.8424,-22.4338,30.67,86,0,6.91,clear sky
238,Huntsville,US,2021-12-10 17:45:59,34.7304,-86.5861,64.78,97,90,1.01,overcast clouds
239,Tual,ID,2021-12-10 17:46:46,-5.6667,132.75,83.88,76,100,17.67,overcast clouds
240,Chuy,UY,2021-12-10 17:36:57,-33.6971,-53.4616,72.3,55,23,12.46,few clouds
241,Jiaocheng,CN,2021-12-10 17:46:47,24.6774,116.1389,58.28,88,6,1.19,clear sky
242,Rohatyn,UA,2021-12-10 17:46:48,49.409,24.6093,34.65,100,100,1.83,overcast clouds
243,El Oro,MX,2021-12-10 17:46:49,26.8667,-105.85,63.79,31,58,23.8,broken clouds
244,Cidreira,BR,2021-12-10 17:43:34,-30.1811,-50.2056,71.1,56,21,8.97,few clouds
245,Santiago,CL,2021-12-10 17:42:58,-33.4569,-70.6483,80.17,33,0,6.91,clear sky
246,Gravdal,NO,2021-12-10 17:46:50,68.1214,13.5031,35.49,60,40,5.75,scattered clouds
247,Pacasmayo,PE,2021-12-10 17:46:50,-7.4006,-79.5714,73.31,71,86,12.57,overcast clouds
248,Maniwaki,CA,2021-12-10 17:44:02,46.3834,-75.966,23.54,93,100,4.61,overcast clouds
249,Belyy Yar,RU,2021-12-10 17:38:30,53.6039,91.3903,19.29,67,0,4.47,clear sky
250,Green River,US,2021-12-10 17:46:07,41.5286,-109.4662,21.97,75,44,8.01,scattered clouds
251,Juba,SS,2021-12-10 17:45:48,4.8517,31.5825,90.46,30,85,1.81,overcast clouds
252,Kapiri Mposhi,ZM,2021-12-10 17:46:51,-13.9652,28.6809,74.66,43,71,2.75,broken clouds
253,Port Blair,IN,2021-12-10 17:46:52,11.6667,92.75,79.36,79,5,10.56,clear sky
254,Reo,BF,2021-12-10 17:46:52,12.3167,-2.4667,82.83,8,59,9.1,broken clouds
255,Arona,ES,2021-12-10 17:46:53,28.0996,-16.681,64.33,62,20,1.99,few clouds
256,Jiwani,PK,2021-12-10 17:46:54,25.05,61.7417,73.56,50,91,6.08,overcast clouds
257,Salym,RU,2021-12-10 17:46:54,60.0625,71.4789,21.34,93,100,10.83,light snow
258,Souillac,MU,2021-12-10 17:46:54,-20.5167,57.5167,79.18,69,40,6.91,scattered clouds
259,Noumea,NC,2021-12-10 17:46:55,-22.2763,166.4572,80.58,82,98,7.74,overcast clouds
260,Sabzevar,IR,2021-12-10 17:46:55,36.2126,57.6819,49.01,35,2,3.0,clear sky
261,Pedernales,DO,2021-12-10 17:46:56,18.0384,-71.744,83.12,59,1,9.95,clear sky
262,Eureka,US,2021-12-10 17:46:56,40.8021,-124.1637,42.64,94,33,2.21,scattered clouds
263,Arraial Do Cabo,BR,2021-12-10 17:46:57,-22.9661,-42.0278,80.56,65,20,13.8,few clouds
264,Lithgow,AU,2021-12-10 17:46:58,-33.4833,150.15,47.82,92,58,2.35,broken clouds
265,Kavaratti,IN,2021-12-10 17:46:58,10.5669,72.642,82.27,74,16,4.41,few clouds
266,Mount Isa,AU,2021-12-10 17:46:59,-20.7333,139.5,71.37,16,0,8.05,clear sky
267,Maldonado,UY,2021-12-10 17:41:59,-34.6667,-54.9167,76.39,39,56,13.8,broken clouds
268,Skibbereen,IE,2021-12-10 17:47:00,51.55,-9.2667,42.6,74,72,8.9,broken clouds
269,Graaff-Reinet,ZA,2021-12-10 17:47:00,-32.2522,24.5308,76.93,57,75,10.51,broken clouds
270,Comodoro Rivadavia,AR,2021-12-10 17:38:18,-45.8667,-67.5,62.46,72,20,9.22,few clouds
271,Alofi,NU,2021-12-10 17:42:14,-19.0595,-169.9187,71.49,94,100,6.91,moderate rain
272,Pisco,PE,2021-12-10 17:43:26,-13.7,-76.2167,72.01,78,75,6.91,broken clouds
273,Paine,CL,2021-12-10 17:48:02,-33.8167,-70.75,82.0,31,0,7.72,clear sky
274,Tilichiki,RU,2021-12-10 17:48:02,60.4667,166.1,-15.41,88,69,9.13,broken clouds
275,Kinablangan,PH,2021-12-10 17:48:03,7.6947,126.5503,77.81,86,80,4.0,broken clouds
276,Hegra,NO,2021-12-10 17:48:03,63.4644,11.114,22.91,80,0,8.05,clear sky
277,Camacha,PT,2021-12-10 17:48:04,33.0833,-16.3333,62.53,68,40,18.41,scattered clouds
278,Arica,CL,2021-12-10 17:45:22,-18.475,-70.3042,81.95,53,0,14.97,clear sky
279,Lebu,CL,2021-12-10 17:48:04,-37.6167,-73.65,62.28,74,37,9.71,scattered clouds
280,Madang,PG,2021-12-10 17:48:05,-5.2246,145.7966,77.4,93,100,4.85,light rain
281,Atar,MR,2021-12-10 17:48:05,20.5169,-13.0499,77.79,10,39,9.64,scattered clouds
282,Pringsewu,ID,2021-12-10 17:48:06,-5.3582,104.9744,72.54,96,100,2.28,overcast clouds
283,Anlu,CN,2021-12-10 17:48:06,31.1661,112.5831,48.76,87,100,15.82,overcast clouds
284,Oranjemund,NA,2021-12-10 17:48:07,-28.55,16.4333,64.2,83,0,8.61,clear sky
285,Oussouye,SN,2021-12-10 17:48:07,12.485,-16.5469,91.58,42,100,7.58,overcast clouds
286,Murgab,TM,2021-12-10 17:48:08,37.4966,61.9714,51.67,54,14,9.22,few clouds
287,Kirovsk,UA,2021-12-10 17:47:05,48.6375,38.6428,38.8,80,99,10.58,overcast clouds
288,Ambon,ID,2021-12-10 17:44:16,-3.6954,128.1814,81.12,79,73,5.32,broken clouds
289,Rio Grande,BR,2021-12-10 17:48:09,-32.035,-52.0986,77.11,62,32,12.08,scattered clouds
290,Lagoa,PT,2021-12-10 17:48:09,39.05,-27.9833,63.45,77,12,13.4,few clouds
291,Sabha,LY,2021-12-10 17:48:10,27.0377,14.4283,53.15,42,21,1.52,few clouds
292,Ilulissat,GL,2021-12-10 17:48:10,69.2167,-51.1,17.62,38,75,3.44,broken clouds
293,Tabuk,PH,2021-12-10 17:48:11,17.4189,121.4443,69.03,91,90,4.36,overcast clouds
294,Celestun,MX,2021-12-10 17:48:12,20.8667,-90.4,84.7,59,22,2.46,few clouds
295,Balikpapan,ID,2021-12-10 17:48:13,-1.2675,116.8289,76.41,90,99,4.12,moderate rain
296,Meulaboh,ID,2021-12-10 17:48:13,4.1363,96.1285,77.56,85,92,2.82,overcast clouds
297,Nangomba,TZ,2021-12-10 17:48:14,-10.9,38.5,80.71,56,78,8.08,broken clouds
298,Bure,ET,2021-12-10 17:48:14,10.7,37.0667,57.61,31,3,5.66,clear sky
299,Itarema,BR,2021-12-10 17:48:15,-2.9248,-39.9167,86.65,58,86,14.85,overcast clouds
300,Vao,NC,2021-12-10 17:48:16,-22.6667,167.4833,78.12,84,96,18.21,overcast clouds
301,George Town,MY,2021-12-10 17:46:06,5.4112,100.3354,79.9,88,20,1.01,few clouds
302,Belmonte,BR,2021-12-10 17:48:17,-15.8631,-38.8828,77.0,90,100,5.28,overcast clouds
303,Santa Maria,BR,2021-12-10 17:46:18,-29.6842,-53.8069,85.3,42,0,10.36,clear sky
304,Adzhamka,UA,2021-12-10 17:48:17,48.5424,32.5354,45.82,89,99,16.15,overcast clouds
305,Hailey,US,2021-12-10 17:48:18,43.5196,-114.3153,24.89,44,1,5.75,clear sky
306,Birjand,IR,2021-12-10 17:48:19,32.8663,59.2211,43.27,21,0,9.22,clear sky
307,Emerald,AU,2021-12-10 17:48:19,-23.5333,148.1667,71.98,68,0,5.75,clear sky
308,Panzhihua,CN,2021-12-10 17:48:20,26.5851,101.7128,54.14,81,0,1.25,clear sky
309,Maniitsoq,GL,2021-12-10 17:48:20,65.4167,-52.9,21.18,57,64,4.54,broken clouds
310,Grande Prairie,CA,2021-12-10 17:48:21,55.1667,-118.8027,19.58,73,75,10.36,broken clouds
311,Vilyuysk,RU,2021-12-10 17:48:22,63.7553,121.6247,-4.68,97,100,4.36,overcast clouds
312,Olinda,BR,2021-12-10 17:48:23,-8.0089,-34.8553,85.73,66,40,11.5,scattered clouds
313,Leningradskiy,RU,2021-12-10 17:48:23,69.3833,178.4167,-19.57,88,98,19.15,overcast clouds
314,Brigantine,US,2021-12-10 17:48:23,39.4101,-74.3646,52.14,66,90,8.05,overcast clouds
315,Mantua,IT,2021-12-10 17:48:24,45.1667,10.7833,43.34,91,100,10.47,overcast clouds
316,Flin Flon,CA,2021-12-10 17:39:35,54.7682,-101.865,12.04,79,75,8.05,light snow
317,Misratah,LY,2021-12-10 17:49:25,32.3754,15.0925,61.18,35,0,11.86,clear sky
318,Petropavlovsk-Kamchatskiy,RU,2021-12-10 17:49:26,53.0452,158.6483,21.79,93,20,6.71,few clouds
319,Kingman,US,2021-12-10 17:49:27,35.1894,-114.053,48.02,56,1,11.5,clear sky
320,Pierre,US,2021-12-10 17:49:27,44.3683,-100.351,31.12,87,90,6.91,snow
321,Bethel,US,2021-12-10 17:49:27,41.3712,-73.414,51.78,67,90,3.0,overcast clouds
322,Quatre Cocos,MU,2021-12-10 17:49:28,-20.2078,57.7625,78.91,68,97,12.26,overcast clouds
323,Alamosa,US,2021-12-10 17:49:29,37.4695,-105.87,31.51,93,90,11.5,light snow
324,Vanderhoof,CA,2021-12-10 17:49:29,54.0166,-124.0198,28.11,71,100,8.39,overcast clouds
325,Ngunguru,NZ,2021-12-10 17:49:30,-35.6167,174.5,62.17,91,53,4.92,broken clouds
326,Mahebourg,MU,2021-12-10 17:49:31,-20.4081,57.7,79.09,69,40,6.91,scattered clouds
327,Abu Samrah,SY,2021-12-10 17:49:31,35.3029,37.1841,54.88,59,39,8.41,scattered clouds
328,Garowe,SO,2021-12-10 17:49:32,8.4054,48.4845,73.09,53,33,19.24,scattered clouds
329,Adrar,MR,2021-12-10 17:49:32,20.5022,-10.0711,73.69,9,94,10.89,overcast clouds
330,Pemangkat,ID,2021-12-10 17:49:33,1.1667,108.9667,77.05,90,100,6.02,overcast clouds
331,Axim,GH,2021-12-10 17:49:33,4.8699,-2.2405,81.19,81,70,9.44,broken clouds
332,Ostrovnoy,RU,2021-12-10 17:46:09,68.0531,39.5131,18.72,75,90,22.28,overcast clouds
333,Kavieng,PG,2021-12-10 17:49:34,-2.5744,150.7967,82.29,81,100,12.17,moderate rain
334,Villanueva De La Serena,ES,2021-12-10 17:49:35,38.9766,-5.7974,55.83,87,100,10.76,overcast clouds
335,Port Hardy,CA,2021-12-10 17:49:36,50.6996,-127.4199,45.75,93,90,14.97,moderate rain
336,Aljezur,PT,2021-12-10 17:49:36,37.3191,-8.8033,58.62,91,73,9.95,broken clouds
337,Lincoln,US,2021-12-10 17:45:02,40.8,-96.667,40.95,56,90,18.41,overcast clouds
338,Umm Lajj,SA,2021-12-10 17:49:37,25.0213,37.2685,77.79,54,76,5.88,broken clouds
339,Columbus,US,2021-12-10 17:45:58,39.9612,-82.9988,57.61,77,90,1.99,overcast clouds
340,San Carlos,VE,2021-12-10 17:49:38,9.6612,-68.5827,94.68,33,86,2.19,overcast clouds
341,Peleduy,RU,2021-12-10 17:49:38,59.6289,112.7406,2.55,94,100,7.49,overcast clouds
342,Chapleau,CA,2021-12-10 17:49:39,47.8405,-83.4034,28.49,74,75,4.61,broken clouds
343,Cockburn Town,TC,2021-12-10 17:49:40,21.4612,-71.1419,80.56,69,40,17.27,scattered clouds
344,Novo Aripuana,BR,2021-12-10 17:49:40,-5.1206,-60.3797,91.6,54,96,0.36,overcast clouds
345,Ankang,CN,2021-12-10 17:49:41,32.68,109.0172,46.71,95,100,1.03,overcast clouds
346,Tigil,RU,2021-12-10 17:49:41,57.8,158.6667,21.87,97,100,1.97,light snow
347,Zabol,AF,2021-12-10 17:49:42,32.25,67.25,39.52,23,24,6.85,few clouds
348,Sabang,ID,2021-12-10 17:49:42,5.8933,95.3214,82.02,76,98,14.14,overcast clouds
349,Paragominas,BR,2021-12-10 17:49:43,-2.9667,-47.4833,85.75,65,87,3.47,overcast clouds
350,Mayo,US,2021-12-10 17:49:44,38.8876,-76.5119,55.38,64,40,7.0,scattered clouds
351,Fort Nelson,CA,2021-12-10 17:49:44,58.8053,-122.7002,-4.41,84,75,3.44,broken clouds
352,Calera,US,2021-12-10 17:49:45,33.1029,-86.7536,66.06,97,90,3.0,mist
353,Solnechnyy,RU,2021-12-10 17:49:45,50.7214,136.6319,20.1,94,100,4.72,light snow
354,Lalmohan,BD,2021-12-10 17:49:46,22.3384,90.7419,71.87,70,0,8.21,clear sky
355,Aksu,CN,2021-12-10 17:49:46,41.1231,80.2644,25.38,57,0,4.94,clear sky
356,San Jeronimo,PE,2021-12-10 17:49:47,-11.9472,-75.2829,65.01,49,99,3.91,overcast clouds
357,Saint Anthony,US,2021-12-10 17:49:48,45.0205,-93.218,31.24,82,90,1.01,light snow
358,Abrau-Dyurso,RU,2021-12-10 17:49:48,44.69,37.59,44.06,88,8,11.81,clear sky
359,San Quintin,MX,2021-12-10 17:49:49,30.4833,-115.95,60.87,53,6,12.48,clear sky
360,Rocha,UY,2021-12-10 17:45:26,-34.4833,-54.3333,76.82,43,29,14.0,scattered clouds
361,Pangnirtung,CA,2021-12-10 17:49:49,66.1451,-65.7125,3.2,92,90,5.75,light snow
362,Aykhal,RU,2021-12-10 17:50:50,66.0,111.5,-13.27,96,100,10.85,overcast clouds
363,Ayagoz,KZ,2021-12-10 17:50:50,47.9714,80.4392,0.27,77,18,6.62,few clouds
364,Junqueiropolis,BR,2021-12-10 17:50:51,-21.5147,-51.4336,93.38,16,24,4.56,few clouds
365,Faanui,PF,2021-12-10 17:50:51,-16.4833,-151.75,81.25,69,70,14.58,broken clouds
366,Gusau,NG,2021-12-10 17:50:52,12.1628,6.6614,78.51,17,26,9.53,scattered clouds
367,Barra,BR,2021-12-10 17:50:52,-11.0894,-43.1417,86.34,54,71,5.86,broken clouds
368,Bethanien,NA,2021-12-10 17:50:53,-26.502,17.1583,78.87,11,0,14.9,clear sky
369,Nioro,GM,2021-12-10 17:50:54,13.35,-15.75,93.58,14,96,3.22,overcast clouds
370,Presidencia Roque Saenz Pena,AR,2021-12-10 17:50:55,-26.7852,-60.4388,96.96,24,47,4.79,scattered clouds
371,Saint-Denis,FR,2021-12-10 17:50:56,48.9167,2.3333,44.76,77,20,5.99,few clouds
372,Fortuna,US,2021-12-10 17:50:56,40.5982,-124.1573,43.36,60,1,1.99,clear sky
373,Luziania,BR,2021-12-10 17:47:36,-16.2525,-47.9503,83.98,63,100,5.01,overcast clouds
374,Kodinsk,RU,2021-12-10 17:50:57,58.6881,99.1844,1.26,93,100,9.91,overcast clouds
375,Alice Springs,AU,2021-12-10 17:47:06,-23.7,133.8833,63.95,32,0,6.91,clear sky
376,Chumikan,RU,2021-12-10 17:50:57,54.7183,135.315,-3.51,95,93,6.13,overcast clouds
377,Egvekinot,RU,2021-12-10 17:50:58,66.3167,-179.1667,-21.03,81,21,6.73,few clouds
378,Melfi,IT,2021-12-10 17:50:59,40.9965,15.6514,45.5,76,99,6.67,overcast clouds
379,Harper,LR,2021-12-10 17:50:59,4.375,-7.7169,81.7,76,55,8.34,broken clouds
380,Ballarat,AU,2021-12-10 17:51:00,-37.5662,143.8496,51.49,91,90,6.58,overcast clouds
381,Arlit,NE,2021-12-10 17:51:01,18.7369,7.3853,72.1,8,77,7.78,broken clouds
382,Altay,CN,2021-12-10 17:51:01,47.8667,88.1167,2.95,64,2,6.42,clear sky
383,Eidfjord,NO,2021-12-10 17:51:02,60.4675,7.0719,21.42,88,18,7.14,few clouds
384,Westport,US,2021-12-10 17:51:02,41.1415,-73.3579,53.89,69,90,1.01,overcast clouds
385,Itoman,JP,2021-12-10 17:51:03,26.1247,127.6694,68.02,68,75,2.3,broken clouds
386,Mosquera,CO,2021-12-10 17:51:03,4.7059,-74.2302,68.09,42,75,6.91,broken clouds
387,Longyearbyen,SJ,2021-12-10 17:51:04,78.2186,15.6401,30.04,74,75,12.66,broken clouds
388,Nizhniy Kuranakh,RU,2021-12-10 17:51:05,58.8353,125.4869,-10.5,95,86,2.82,overcast clouds
389,Miramar,US,2021-12-10 17:49:12,25.9873,-80.2323,85.01,71,40,10.36,scattered clouds
390,Kamenka,RU,2021-12-10 17:51:06,51.3223,42.7678,30.74,80,95,8.7,overcast clouds
391,Maltahohe,NA,2021-12-10 17:51:06,-24.8333,16.9833,80.35,10,1,16.31,clear sky
392,Guerrero Negro,MX,2021-12-10 17:51:07,27.9769,-114.0611,65.39,66,49,15.23,scattered clouds
393,Beira,MZ,2021-12-10 17:46:54,-19.8436,34.8389,82.49,78,20,11.99,few clouds
394,Erenhot,CN,2021-12-10 17:51:08,43.6475,111.9767,21.52,67,17,18.5,few clouds
395,Carballo,ES,2021-12-10 17:51:08,43.213,-8.691,55.0,90,85,3.06,overcast clouds
396,Davila,PH,2021-12-10 17:51:09,18.4726,120.5763,76.12,77,90,22.17,overcast clouds
397,Jieshi,CN,2021-12-10 17:51:10,22.8134,115.8257,68.95,79,69,18.7,broken clouds
398,Iwanai,JP,2021-12-10 17:51:10,42.9744,140.5089,37.87,92,100,3.27,overcast clouds
399,Syedove,UA,2021-12-10 17:51:11,47.0768,38.156,44.01,93,69,11.86,broken clouds
400,Kendari,ID,2021-12-10 17:46:12,-3.945,122.4989,76.44,90,92,4.29,overcast clouds
401,Dudinka,RU,2021-12-10 17:51:12,69.4058,86.1778,-21.89,95,99,5.41,overcast clouds
402,Sibu,MY,2021-12-10 17:51:13,2.3,111.8167,75.51,100,40,1.99,scattered clouds
403,Puerto Ayacucho,VE,2021-12-10 17:51:15,5.6639,-67.6236,89.38,46,43,10.18,scattered clouds
404,Bandarbeyla,SO,2021-12-10 17:51:15,9.4942,50.8122,76.98,74,11,19.46,few clouds
405,Inzer,RU,2021-12-10 17:51:16,54.2167,57.5556,19.04,93,100,2.21,overcast clouds
406,Kiunga,PG,2021-12-10 17:51:16,-6.1219,141.2906,73.58,100,93,1.79,overcast clouds
407,Tarko-Sale,RU,2021-12-10 17:51:17,64.9225,77.785,14.14,92,100,19.77,overcast clouds
408,Sayansk,RU,2021-12-10 17:52:17,54.1088,102.1648,8.08,87,100,11.16,overcast clouds
409,Mahon,ES,2021-12-10 17:52:18,39.8885,4.2658,52.36,93,75,4.61,broken clouds
410,Isla Mujeres,MX,2021-12-10 17:52:18,21.2311,-86.731,86.16,70,20,14.83,few clouds
411,Northam,GB,2021-12-10 17:52:19,51.0333,-4.2167,46.26,72,52,20.09,broken clouds
412,Wanxian,CN,2021-12-10 17:52:19,30.8039,108.3897,54.95,95,100,2.48,overcast clouds
413,Majene,ID,2021-12-10 17:52:17,-3.5403,118.9707,78.28,85,100,4.5,overcast clouds
414,Eyl,SO,2021-12-10 17:52:20,7.9803,49.8164,76.48,70,8,20.29,clear sky
415,Kholodnyy,RU,2021-12-10 17:52:21,62.7167,147.95,-46.77,99,63,0.4,broken clouds
416,Coihaique,CL,2021-12-10 17:48:02,-45.5752,-72.0662,77.61,33,20,9.22,few clouds
417,Carutapera,BR,2021-12-10 17:52:21,-1.195,-46.02,83.73,74,52,10.36,broken clouds
418,Angoche,MZ,2021-12-10 17:48:13,-16.2325,39.9086,81.05,78,26,11.61,scattered clouds
419,Tevaitoa,PF,2021-12-10 17:52:23,-16.7833,-151.5,81.3,67,67,14.29,broken clouds
420,Manavalakurichi,IN,2021-12-10 17:52:23,8.1333,77.3,80.69,78,40,5.75,scattered clouds
421,Coquimbo,CL,2021-12-10 17:52:24,-29.9533,-71.3436,62.33,82,90,12.66,overcast clouds
422,Lishu,CN,2021-12-10 17:52:25,43.3047,124.3278,28.56,80,56,2.28,broken clouds
423,Hualmay,PE,2021-12-10 17:52:25,-11.0964,-77.6139,70.7,78,99,8.75,overcast clouds
424,Fallon,US,2021-12-10 17:52:26,39.4735,-118.7774,33.93,69,40,6.91,scattered clouds
425,Caceres,ES,2021-12-10 17:52:26,39.522,-6.3748,55.8,89,74,12.08,broken clouds
426,Kabinda,CD,2021-12-10 17:52:27,-6.1333,24.4833,70.16,92,87,4.83,light rain
427,Dunedin,NZ,2021-12-10 17:50:08,-45.8742,170.5036,53.8,95,100,4.0,light rain
428,Bambous Virieux,MU,2021-12-10 17:52:27,-20.3428,57.7575,79.05,69,40,6.91,scattered clouds
429,Civitanova Marche,IT,2021-12-10 17:52:28,43.307,13.7206,48.85,65,100,15.66,overcast clouds
430,Lorengau,PG,2021-12-10 17:52:28,-2.0226,147.2712,83.52,82,72,17.6,broken clouds
431,Zavallya,UA,2021-12-10 17:52:29,48.2135,30.0156,49.12,80,100,22.01,overcast clouds
432,Hondo,JP,2021-12-10 17:52:29,32.45,130.2,50.95,70,14,1.19,few clouds
433,San Matias,BO,2021-12-10 17:52:30,-16.3667,-58.4,98.47,33,100,2.06,overcast clouds
434,Henties Bay,NA,2021-12-10 17:52:31,-22.116,14.2845,62.85,81,3,8.55,clear sky
435,Yar-Sale,RU,2021-12-10 17:52:31,66.8333,70.8333,13.89,96,100,5.21,light snow
436,Mapiripan,CO,2021-12-10 17:52:32,2.8892,-72.1256,90.63,47,81,12.1,broken clouds
437,Mbanza-Ngungu,CD,2021-12-10 17:52:32,-5.25,14.8667,70.93,88,29,0.63,scattered clouds
438,Herat,AF,2021-12-10 17:52:33,34.5,62.0,49.64,24,1,8.12,clear sky
439,Kempsey,AU,2021-12-10 17:52:33,-31.0833,152.8333,59.95,79,7,1.99,clear sky
440,Porto Walter,BR,2021-12-10 17:52:34,-8.2686,-72.7439,77.22,90,100,4.56,light rain
441,Dongsheng,CN,2021-12-10 17:52:34,39.8161,109.9776,27.01,62,38,11.41,scattered clouds
442,Baraya,CO,2021-12-10 17:52:34,3.1533,-75.0531,82.2,75,82,3.58,broken clouds
443,Los Llanos De Aridane,ES,2021-12-10 17:52:35,28.6585,-17.9182,64.15,70,75,13.0,broken clouds
444,Whitianga,NZ,2021-12-10 17:52:35,-36.8333,175.7,68.02,89,41,1.83,scattered clouds
445,Kampene,CD,2021-12-10 17:52:36,-3.6,26.6667,75.13,82,89,0.67,overcast clouds
446,Verkhoyansk,RU,2021-12-10 17:52:36,67.5447,133.385,-35.68,97,99,1.43,overcast clouds
447,Akureyri,IS,2021-12-10 17:52:37,65.6835,-18.0878,19.33,100,0,3.44,clear sky
448,Marsh Harbour,BS,2021-12-10 17:52:38,26.5412,-77.0636,76.84,74,0,5.99,clear sky
449,Matara,LK,2021-12-10 17:52:38,5.9485,80.5353,76.08,88,88,8.86,overcast clouds
450,Banjar,ID,2021-12-10 17:52:39,-8.19,114.9675,84.06,88,56,5.59,broken clouds
451,Lashio,MM,2021-12-10 17:52:39,22.9333,97.75,58.6,98,2,1.25,clear sky
452,Rolla,US,2021-12-10 17:52:40,37.9514,-91.7713,66.85,89,75,5.01,broken clouds
453,Cururupu,BR,2021-12-10 17:52:41,-1.8283,-44.8683,85.78,63,72,8.39,broken clouds
454,Puquio,PE,2021-12-10 17:52:42,-14.7,-74.1333,61.32,58,85,12.55,overcast clouds
455,Karaton,ID,2021-12-10 17:52:43,-6.3424,106.1045,73.56,92,100,2.86,moderate rain
456,Aktash,RU,2021-12-10 17:53:43,50.3,87.7333,-11.6,74,40,3.69,scattered clouds
457,Hoquiam,US,2021-12-10 17:53:44,46.9809,-123.8893,46.92,88,100,6.73,overcast clouds
458,Kernersville,US,2021-12-10 17:51:36,36.1199,-80.0736,57.65,69,90,3.0,overcast clouds
459,Surat,IN,2021-12-10 17:53:44,21.1667,72.8333,75.18,64,0,4.61,smoke
460,Vostok,RU,2021-12-10 17:53:46,46.4856,135.8833,26.98,99,100,3.2,light snow
461,Fraga,ES,2021-12-10 17:53:46,41.5229,0.3489,52.92,69,99,31.5,overcast clouds
462,Kulhudhuffushi,MV,2021-12-10 17:53:47,6.6221,73.07,82.29,77,25,9.6,scattered clouds
463,Trinidad,BO,2021-12-10 17:53:48,-14.8333,-64.9,91.38,66,75,5.75,broken clouds
464,Alpena,US,2021-12-10 17:53:48,45.0617,-83.4327,37.11,85,90,1.01,overcast clouds
465,Wanning,CN,2021-12-10 17:53:49,18.8003,110.3967,70.56,78,86,5.55,overcast clouds
466,Gorontalo,ID,2021-12-10 17:53:50,0.5412,123.0595,76.5,95,94,2.39,overcast clouds
467,Sambava,MG,2021-12-10 17:53:51,-14.2667,50.1667,76.73,77,100,6.51,overcast clouds
468,Punta Alta,AR,2021-12-10 17:53:51,-38.8759,-62.0736,75.51,58,84,4.59,broken clouds
469,Izhma,RU,2021-12-10 17:53:52,65.0083,53.9113,17.06,89,97,10.71,overcast clouds
470,Lumphat,KH,2021-12-10 17:53:52,13.4878,106.9816,65.48,82,95,5.53,overcast clouds
471,Vila Do Maio,CV,2021-12-10 17:53:53,15.1333,-23.2167,75.99,70,51,19.51,broken clouds
472,Sao Jose Da Coroa Grande,BR,2021-12-10 17:53:53,-8.8978,-35.1478,83.34,67,93,12.53,overcast clouds
473,Sinnamary,GF,2021-12-10 17:53:54,5.3833,-52.95,78.6,89,100,8.5,overcast clouds
474,Bilibino,RU,2021-12-10 17:53:55,68.0546,166.4372,-35.16,99,95,1.86,overcast clouds
475,Mecca,SA,2021-12-10 17:53:55,21.4267,39.8261,75.18,65,31,1.43,scattered clouds
476,Yumen,CN,2021-12-10 17:53:56,40.2833,97.2,22.57,64,99,22.97,overcast clouds
477,Lianzhou,CN,2021-12-10 17:53:57,24.7811,112.3825,58.39,78,0,0.27,clear sky
478,Salas,ES,2021-12-10 17:53:57,43.4118,-6.2602,53.51,88,98,6.89,overcast clouds
479,Kangaatsiaq,GL,2021-12-10 17:53:58,68.3065,-53.4641,20.03,69,72,16.93,broken clouds
480,Paidha,UG,2021-12-10 17:53:58,2.4167,30.9855,66.34,68,99,5.01,overcast clouds
481,Russkaya Polyana,UA,2021-12-10 17:53:59,49.417,31.9201,46.4,81,100,18.48,overcast clouds
482,At-Bashi,KG,2021-12-10 17:51:20,41.1702,75.8106,7.84,51,1,3.09,clear sky
483,Pandan,PH,2021-12-10 17:53:59,14.0453,124.1694,78.39,90,100,21.18,moderate rain
484,Changli,CN,2021-12-10 17:54:00,39.7042,119.1506,38.89,69,100,1.52,overcast clouds
485,Kununurra,AU,2021-12-10 17:54:01,-15.7667,128.7333,82.38,78,75,0.0,broken clouds
486,Liepaja,LV,2021-12-10 17:54:01,56.5419,21.0367,33.85,93,90,10.36,overcast clouds
487,Kaitangata,NZ,2021-12-10 17:54:02,-46.2817,169.8464,56.93,77,100,3.74,overcast clouds
488,Marshalltown,US,2021-12-10 17:54:02,42.0494,-92.908,39.24,54,100,18.23,overcast clouds
489,Burnie,AU,2021-12-10 17:54:03,-41.0667,145.9167,54.91,80,99,9.78,overcast clouds
490,College,US,2021-12-10 17:54:03,64.8569,-147.8028,12.18,83,90,5.75,light snow
491,Berdigestyakh,RU,2021-12-10 17:54:04,62.0989,126.6992,-3.48,99,100,3.29,overcast clouds
492,Risor,NO,2021-12-10 17:54:04,58.7206,9.2342,33.3,85,100,16.4,overcast clouds
493,Santa Vitoria Do Palmar,BR,2021-12-10 17:54:05,-33.5189,-53.3681,72.25,55,51,12.17,broken clouds
494,Coahuayana,MX,2021-12-10 17:54:05,18.7333,-103.6833,89.67,40,13,5.01,few clouds
495,Bethany,US,2021-12-10 17:50:24,45.5579,-122.8676,43.2,90,90,1.01,overcast clouds
496,Sobolevo,RU,2021-12-10 17:54:06,54.4299,31.8996,33.4,95,100,17.65,overcast clouds
497,Smithers,CA,2021-12-10 17:50:35,54.7804,-127.1743,28.72,80,75,11.5,light snow
498,Alekseyevsk,RU,2021-12-10 17:54:07,57.8406,108.3492,3.43,93,100,7.27,overcast clouds
499,Skalat,UA,2021-12-10 17:54:07,49.4273,25.9787,37.44,100,100,2.91,overcast clouds
500,Qaqortoq,GL,2021-12-10 17:54:08,60.7167,-46.0333,27.43,64,100,10.33,overcast clouds
501,Wankaner,IN,2021-12-10 17:54:08,22.6167,70.9333,76.64,47,0,9.1,clear sky
502,Gulu,UG,2021-12-10 17:54:09,2.7746,32.299,74.52,65,98,4.56,overcast clouds
503,Bay Roberts,CA,2021-12-10 17:55:09,47.5999,-53.2648,29.34,66,47,8.99,scattered clouds
504,Dhilwan,IN,2021-12-10 17:55:10,31.5169,75.35,53.6,35,0,4.41,clear sky
505,Gewane,ET,2021-12-10 17:55:10,10.1664,40.6453,79.39,30,2,9.26,clear sky
506,Kasempa,ZM,2021-12-10 17:55:11,-13.4584,25.8338,76.23,44,38,6.49,scattered clouds
507,Canton,CN,2021-12-10 17:55:11,23.1167,113.25,70.0,61,0,2.59,clear sky
508,Rawson,AR,2021-12-10 17:55:12,-43.3002,-65.1023,82.9,28,0,23.91,clear sky
509,Igrim,RU,2021-12-10 17:55:13,63.1906,64.4162,7.68,93,96,8.66,overcast clouds
510,Kathmandu,NP,2021-12-10 17:50:22,27.7167,85.3167,50.22,87,20,2.3,few clouds
511,Ilula,TZ,2021-12-10 17:55:14,-7.6766,36.0366,67.53,67,54,8.23,broken clouds
512,Ishigaki,JP,2021-12-10 17:55:14,24.3448,124.1572,73.31,56,96,15.66,overcast clouds
513,Santa Fe,AR,2021-12-10 17:55:14,-31.6333,-60.7,82.0,56,99,1.01,overcast clouds
514,Pathein,MM,2021-12-10 17:55:15,16.7833,94.7333,72.75,83,3,5.97,clear sky
515,Rundu,NA,2021-12-10 17:55:15,-17.9333,19.7667,72.18,63,47,5.08,scattered clouds
516,Zhangjiakou,CN,2021-12-10 17:55:16,40.81,114.8794,30.88,50,100,3.09,overcast clouds
517,Iranshahr,IR,2021-12-10 17:55:16,27.2025,60.6848,59.34,15,0,6.91,clear sky
518,Zaykovo,RU,2021-12-10 17:55:17,57.5613,62.7568,17.6,93,51,5.79,broken clouds
519,Vardo,NO,2021-12-10 17:55:17,70.3705,31.1107,24.78,86,75,27.63,broken clouds
520,Kudat,MY,2021-12-10 17:55:18,6.8837,116.8477,80.53,89,40,9.22,scattered clouds
521,Mazatlan,MX,2021-12-10 17:52:59,23.2167,-106.4167,79.02,80,77,6.62,broken clouds
522,Payo,ID,2021-12-10 17:55:18,-3.7508,103.6372,73.4,99,100,1.68,overcast clouds
523,Ondangwa,NA,2021-12-10 17:55:19,-17.9167,15.95,79.99,44,48,7.16,scattered clouds
524,Shingu,JP,2021-12-10 17:55:19,33.7333,135.9833,48.49,84,0,5.93,clear sky
525,Gazli,UZ,2021-12-10 17:55:20,40.1333,63.45,46.87,34,1,10.29,clear sky
526,Berlevag,NO,2021-12-10 17:55:21,70.8578,29.0864,28.35,59,0,11.5,clear sky
527,Opuwo,NA,2021-12-10 17:55:21,-18.0607,13.84,75.13,57,59,12.88,light rain
528,Praia,CV,2021-12-10 17:55:22,14.9215,-23.5087,75.74,64,53,20.71,broken clouds
529,Mamallapuram,IN,2021-12-10 17:55:22,12.6264,80.1722,81.05,81,8,9.06,clear sky
530,Shepsi,RU,2021-12-10 17:55:23,44.0361,39.1489,53.44,69,0,7.81,clear sky
531,Hunterville,NZ,2021-12-10 17:55:23,-39.9333,175.5667,62.69,87,97,3.65,overcast clouds
532,Kargil,IN,2021-12-10 17:55:24,34.5667,76.1,4.28,66,2,3.06,clear sky
533,Saint-Gaudens,FR,2021-12-10 17:55:24,43.0833,0.6667,45.52,97,100,13.27,overcast clouds
534,Sfantu Gheorghe,RO,2021-12-10 17:55:25,45.8667,25.7833,42.26,95,100,1.99,overcast clouds
535,Funadhoo,MV,2021-12-10 17:55:25,6.15,73.2667,82.74,75,51,15.61,broken clouds
536,Gunjur,GM,2021-12-10 17:55:26,13.2019,-16.7339,91.47,35,99,0.0,overcast clouds
537,Sanming,CN,2021-12-10 17:55:26,26.2486,117.6186,56.32,91,0,2.59,clear sky
538,Sola,VU,2021-12-10 17:55:27,-13.8833,167.55,82.26,76,44,9.26,scattered clouds
539,Faya,SA,2021-12-10 17:55:27,18.3851,42.4509,59.11,27,3,6.87,clear sky
540,Nueve De Julio,AR,2021-12-10 17:55:28,-35.4444,-60.8831,78.71,45,93,9.04,overcast clouds
541,Leh,IN,2021-12-10 17:52:50,34.1667,77.5833,5.97,60,0,5.48,clear sky
542,Honningsvag,NO,2021-12-10 17:55:29,70.9821,25.9704,29.95,80,75,12.66,broken clouds
543,Kosh-Agach,RU,2021-12-10 17:55:29,50.0,88.6667,-3.48,72,21,2.68,few clouds
544,Tura,IN,2021-12-10 17:55:29,25.5198,90.2201,60.67,54,0,2.53,clear sky
545,Maiduguri,NG,2021-12-10 17:55:30,11.8464,13.1603,74.43,21,49,10.04,scattered clouds
546,Chute-Aux-Outardes,CA,2021-12-10 17:55:31,49.1168,-68.399,16.11,79,75,3.44,broken clouds
547,Burns Lake,CA,2021-12-10 17:55:31,54.2331,-125.7533,24.22,76,88,8.81,overcast clouds
548,Hudson Bay,CA,2021-12-10 17:55:32,52.85,-102.3842,18.21,84,16,9.78,few clouds
549,Namatanai,PG,2021-12-10 17:56:32,-3.6667,152.4333,79.02,85,100,3.74,moderate rain
550,Airai,TL,2021-12-10 17:56:33,-8.9266,125.4092,62.04,89,99,0.92,overcast clouds
551,Nemours,FR,2021-12-10 17:56:33,48.2751,2.6908,43.99,74,12,13.96,few clouds
552,Abu Kamal,SY,2021-12-10 17:56:34,34.4506,40.9171,56.32,52,18,5.19,few clouds
553,Khaniotis,GR,2021-12-10 17:56:34,39.9991,23.58,55.51,59,19,24.07,few clouds
554,Sohag,EG,2021-12-10 17:54:01,26.557,31.6948,64.69,26,100,5.61,overcast clouds
555,Okato,NZ,2021-12-10 17:56:35,-39.2,173.8833,65.43,92,96,9.89,overcast clouds
556,Puerto Carreno,CO,2021-12-10 17:56:35,6.189,-67.4859,89.58,55,40,11.5,scattered clouds
557,Hambantota,LK,2021-12-10 17:56:36,6.1241,81.1185,78.84,82,99,14.63,overcast clouds
558,Zhigansk,RU,2021-12-10 17:56:37,66.7697,123.3711,-7.55,97,100,16.49,overcast clouds
559,North Battleford,CA,2021-12-10 17:56:37,52.7834,-108.2847,17.69,67,90,5.75,overcast clouds
560,Koslan,RU,2021-12-10 17:53:01,63.4564,48.8989,-0.67,99,69,5.06,broken clouds
561,Sarankhola,BD,2021-12-10 17:56:38,22.3082,89.7897,67.87,73,0,3.91,clear sky
562,Bontang,ID,2021-12-10 17:56:38,0.1333,117.5,75.47,95,96,5.91,moderate rain
563,Ayan,RU,2021-12-10 17:56:39,56.45,138.1667,8.73,64,45,8.41,scattered clouds
564,Homer,US,2021-12-10 17:52:11,59.6425,-151.5483,28.27,93,90,3.44,light snow
565,Assiniboia,CA,2021-12-10 17:56:40,49.6334,-105.9845,19.31,52,24,4.61,few clouds
566,Klaksvik,FO,2021-12-10 17:56:41,62.2266,-6.589,34.72,77,58,16.89,broken clouds
567,Masunga,BW,2021-12-10 17:56:41,-20.6246,27.4488,77.16,47,86,11.23,overcast clouds
568,Nome,US,2021-12-10 17:56:42,64.5011,-165.4064,-13.95,91,64,7.38,broken clouds
569,Amapa,BR,2021-12-10 17:56:42,1.0,-52.0,80.4,94,85,4.38,overcast clouds
570,Lensk,RU,2021-12-10 17:56:43,60.7253,114.9278,1.2,93,100,7.49,overcast clouds
571,Shache,CN,2021-12-10 17:56:43,38.4167,77.2406,28.33,46,0,4.52,clear sky
572,Bud,US,2021-12-10 17:56:44,39.447,-86.1758,57.85,91,59,9.04,broken clouds
573,Forest,US,2021-12-10 17:56:44,37.3638,-79.2897,56.32,72,100,1.01,overcast clouds
574,Kananga,CD,2021-12-10 17:56:45,-5.8958,22.4178,74.88,80,84,3.98,light rain
575,Progreso,MX,2021-12-10 17:56:45,21.2833,-89.6667,88.11,56,6,9.6,clear sky
576,Senneterre,CA,2021-12-10 17:56:46,48.3835,-77.2328,21.42,90,100,9.15,overcast clouds
577,Tuatapere,NZ,2021-12-10 17:56:46,-46.1333,167.6833,55.81,88,100,2.46,overcast clouds
578,Chippewa Falls,US,2021-12-10 17:56:47,44.9369,-91.3929,32.18,84,100,7.29,light snow
579,Impfondo,CG,2021-12-10 17:56:47,1.6381,18.0667,80.17,59,93,1.3,overcast clouds
580,Karatau,KZ,2021-12-10 17:56:48,43.1667,70.4667,34.38,44,62,3.71,broken clouds
581,Massaguet,TD,2021-12-10 17:56:48,12.4755,15.4365,82.89,12,53,9.84,broken clouds
582,Lompoc,US,2021-12-10 17:56:49,34.6391,-120.4579,59.56,69,75,5.99,broken clouds
583,Estacion Coahuila,MX,2021-12-10 17:56:49,32.1939,-115.0017,62.96,37,45,6.91,scattered clouds
584,Luganville,VU,2021-12-10 17:56:50,-15.5333,167.1667,78.96,86,87,1.66,overcast clouds
585,Luanda,AO,2021-12-10 17:56:50,-8.8368,13.2343,80.6,74,40,11.5,scattered clouds
586,Khandbari,NP,2021-12-10 17:56:51,27.3747,87.2039,52.92,68,13,3.71,few clouds
587,Silvia,CO,2021-12-10 17:56:51,2.611,-76.3785,60.39,88,91,1.32,light rain
588,Iskateley,RU,2021-12-10 17:56:52,67.6803,53.1512,17.92,91,80,11.9,broken clouds
589,Esperantina,BR,2021-12-10 17:56:53,-3.9017,-42.2336,91.17,46,97,6.08,overcast clouds
590,Shenjiamen,CN,2021-12-10 17:56:53,29.9576,122.298,55.62,72,0,4.81,clear sky
591,Tautira,PF,2021-12-10 17:56:54,-17.7333,-149.15,82.42,66,75,12.57,broken clouds
592,Tawang,IN,2021-12-10 17:56:54,27.5833,91.8667,31.64,72,26,4.61,scattered clouds
593,Senaki,GE,2021-12-10 17:56:55,42.2704,42.0675,48.29,73,0,8.41,clear sky
594,Ibra,OM,2021-12-10 17:56:56,22.6906,58.5334,63.39,55,19,0.43,few clouds
595,Jaciara,BR,2021-12-10 17:56:56,-15.9653,-54.9683,89.24,51,64,4.41,broken clouds
596,Dhidhdhoo,MV,2021-12-10 17:57:57,6.8833,73.1,82.09,75,32,3.89,scattered clouds
597,Linxia,CN,2021-12-10 17:57:57,35.6003,103.2064,30.69,55,99,3.31,overcast clouds
598,Dickson,US,2021-12-10 17:57:58,36.077,-87.3878,64.94,99,90,12.66,mist
599,Krasnoselkup,RU,2021-12-10 17:56:46,65.7,82.4667,2.7,95,100,17.92,light snow
600,Chepareria,KE,2021-12-10 17:57:59,1.3077,35.2039,68.4,54,99,4.9,overcast clouds
601,Igboho,NG,2021-12-10 17:58:00,8.8333,3.75,82.92,19,16,4.61,few clouds
602,Barcelos,PT,2021-12-10 17:58:00,41.5388,-8.6151,56.88,92,76,4.34,broken clouds
603,Wanaka,NZ,2021-12-10 17:58:01,-44.7,169.15,56.1,82,100,2.53,moderate rain
604,Imbituba,BR,2021-12-10 17:53:45,-28.24,-48.6703,76.89,57,4,11.25,clear sky
605,Bonthe,SL,2021-12-10 17:58:02,7.5264,-12.505,82.53,74,84,7.83,broken clouds
606,Kuandian,CN,2021-12-10 17:58:02,40.7286,124.7847,29.48,78,60,4.03,broken clouds
607,La Union,PE,2021-12-10 17:58:03,-5.4,-80.75,84.2,47,81,8.84,broken clouds
608,Manggar,ID,2021-12-10 17:58:03,-2.8833,108.2667,78.21,89,100,6.91,overcast clouds
609,Bengkulu,ID,2021-12-10 17:58:00,-3.8004,102.2655,75.58,92,100,2.15,overcast clouds
610,Chabahar,IR,2021-12-10 17:58:04,25.2919,60.643,72.27,48,99,5.57,overcast clouds
611,Chanderi,IN,2021-12-10 17:58:05,24.7167,78.1333,56.12,48,0,4.27,clear sky
612,Kamaishi,JP,2021-12-10 17:58:05,39.2667,141.8833,42.82,79,96,5.23,overcast clouds
613,Santa Cruz,BO,2021-12-10 17:53:31,-17.8,-63.1667,95.05,38,40,13.8,scattered clouds
614,Rupert,US,2021-12-10 17:58:06,42.6191,-113.6772,28.65,50,64,21.63,broken clouds
615,Rosarito,MX,2021-12-10 17:58:06,32.3333,-117.0333,57.9,65,70,3.74,broken clouds
616,Ende,ID,2021-12-10 17:58:07,-8.8432,121.6623,79.45,88,83,3.42,broken clouds
617,Kalabo,ZM,2021-12-10 17:58:08,-14.97,22.6814,80.37,42,79,4.0,broken clouds
618,Xining,CN,2021-12-10 17:58:08,36.6167,101.7667,26.13,76,100,1.79,light snow
619,Morondava,MG,2021-12-10 17:58:09,-20.2833,44.2833,80.83,83,80,11.65,broken clouds
620,Tazovskiy,RU,2021-12-10 17:58:09,67.4667,78.7,0.28,96,100,19.06,light snow
621,Saint-Georges,GD,2021-12-10 17:53:15,12.0564,-61.7485,87.48,58,20,20.71,few clouds
622,Bacolod,PH,2021-12-10 17:54:11,10.6667,122.95,77.86,90,98,14.5,overcast clouds
623,Vrangel,RU,2021-12-10 17:58:10,42.7297,133.0839,38.48,83,35,9.62,scattered clouds
624,Walvis Bay,NA,2021-12-10 17:58:11,-22.9575,14.5053,70.75,60,18,10.36,few clouds
625,Beyneu,KZ,2021-12-10 17:58:12,45.3167,55.2,39.18,90,100,16.53,overcast clouds
626,Sumbe,AO,2021-12-10 17:58:12,-11.2061,13.8437,78.78,86,10,7.49,clear sky
627,Bayanday,RU,2021-12-10 17:58:12,53.0661,105.5139,8.62,76,100,14.74,overcast clouds
628,Tromso,NO,2021-12-10 17:58:13,69.6496,18.957,32.02,64,20,16.11,few clouds
629,Disna,BY,2021-12-10 17:58:13,55.568,28.1971,34.72,97,100,17.2,overcast clouds
630,Heihe,CN,2021-12-10 17:58:14,50.2441,127.4902,3.78,95,39,2.42,scattered clouds
631,Shimoda,JP,2021-12-10 17:58:14,34.6667,138.95,52.36,74,68,1.21,broken clouds
632,Riverton,US,2021-12-10 17:56:01,40.5219,-111.9391,30.43,69,40,3.0,snow
633,Longuenesse,FR,2021-12-10 17:58:15,50.734,2.2352,44.47,74,97,21.25,overcast clouds
634,Safaga,EG,2021-12-10 17:58:16,26.7292,33.9365,69.75,54,100,4.54,overcast clouds
635,Kirov,RU,2021-12-10 17:58:16,58.5966,49.6601,-9.87,100,23,2.21,few clouds
636,Yaan,NG,2021-12-10 17:58:17,7.3833,8.5667,85.44,19,61,4.5,broken clouds
637,Bremerton,US,2021-12-10 17:58:17,47.5673,-122.6326,43.88,90,75,3.0,broken clouds
638,Keffi,NG,2021-12-10 17:58:18,8.8486,7.8736,83.82,19,80,2.71,broken clouds
639,Roblin,CA,2021-12-10 17:58:18,51.23,-101.3565,10.67,91,8,5.55,clear sky
640,Dargaville,NZ,2021-12-10 17:58:19,-35.9333,173.8833,60.12,89,68,3.2,broken clouds
641,Griffith,US,2021-12-10 17:58:19,41.5284,-87.4237,49.82,73,1,5.01,clear sky
642,Sumenep,ID,2021-12-10 17:58:20,-7.0167,113.8667,79.74,83,96,2.82,overcast clouds
643,Linda,US,2021-12-10 17:59:20,39.1277,-121.5508,50.58,77,37,3.94,scattered clouds
644,Salinopolis,BR,2021-12-10 17:59:21,-0.6136,-47.3561,81.43,85,68,12.37,broken clouds
645,Pokhara,NP,2021-12-10 17:58:04,28.2333,83.9833,54.3,48,3,5.46,clear sky
646,Myitkyina,MM,2021-12-10 17:59:22,25.3833,97.4,62.37,93,4,2.1,clear sky
647,Kloulklubed,PW,2021-12-10 17:56:51,7.0419,134.2556,79.3,72,89,6.49,overcast clouds
648,Biggar,GB,2021-12-10 17:59:22,55.6167,-3.5167,37.29,90,8,4.79,clear sky
649,Benguela,AO,2021-12-10 17:59:23,-12.5763,13.4055,79.11,77,8,6.73,clear sky
650,Lakes Entrance,AU,2021-12-10 17:59:23,-37.8811,147.981,55.17,87,90,9.51,overcast clouds
651,Ust-Shonosha,RU,2021-12-10 17:59:24,61.1531,41.343,-1.62,99,43,2.98,scattered clouds
652,Galle,LK,2021-12-10 17:59:25,6.0367,80.217,78.03,85,92,4.54,overcast clouds
653,Gazanjyk,TM,2021-12-10 17:59:25,39.2446,55.5154,51.08,73,22,3.15,few clouds
654,Puerto Guzman,CO,2021-12-10 17:59:26,0.9703,-76.5858,83.77,74,72,3.36,broken clouds
655,Tignere,CM,2021-12-10 17:59:26,7.3667,12.65,72.46,24,10,4.7,clear sky
656,Bela,IN,2021-12-10 17:59:27,25.9333,81.9833,59.47,47,0,6.67,clear sky
657,Talcahuano,CL,2021-12-10 17:59:27,-36.7167,-73.1167,60.48,77,90,14.97,overcast clouds
658,Dutlwe,BW,2021-12-10 17:59:28,-23.9833,23.9,80.15,43,65,14.61,broken clouds
659,Kaa-Khem,RU,2021-12-10 17:59:28,51.6833,94.7333,-2.94,95,100,2.84,overcast clouds
660,Palmer,US,2021-12-10 17:59:29,42.1584,-72.3287,41.77,63,99,7.4,overcast clouds
661,Yerbogachen,RU,2021-12-10 17:59:30,61.2767,108.0108,-2.97,97,100,7.4,overcast clouds
662,Ucluelet,CA,2021-12-10 17:59:30,48.9329,-125.5528,40.08,92,100,1.01,overcast clouds
663,Abapo,BO,2021-12-10 17:59:31,-18.8333,-63.4667,89.13,34,53,10.02,broken clouds
664,Surt,LY,2021-12-10 17:59:32,31.2089,16.5887,59.94,43,0,5.26,clear sky
665,Magdalena,PH,2021-12-10 17:59:32,14.1999,121.429,78.12,83,50,9.15,scattered clouds
666,Malanje,AO,2021-12-10 17:59:33,-9.5402,16.341,67.51,94,39,2.89,light rain
667,Cayenne,GF,2021-12-10 17:57:25,4.9333,-52.3333,84.24,89,75,1.01,broken clouds
668,Shu,KZ,2021-12-10 17:59:34,43.5983,73.7614,35.22,32,6,1.72,clear sky
669,Arbazh,RU,2021-12-10 17:59:34,57.6804,48.3065,-5.8,100,9,3.83,clear sky
670,Ipilan,PH,2021-12-10 17:59:35,8.8431,117.9033,79.68,82,85,8.08,overcast clouds
671,Manado,ID,2021-12-10 17:59:36,1.487,124.8455,81.37,89,40,4.61,scattered clouds
672,Peniche,PT,2021-12-10 17:59:37,39.3558,-9.3811,62.55,94,98,15.84,overcast clouds
673,Sorland,NO,2021-12-10 17:59:37,67.667,12.6934,37.26,61,100,5.95,overcast clouds
674,Alibag,IN,2021-12-10 17:59:38,18.6411,72.8792,82.47,66,0,6.29,clear sky
675,Nichinan,JP,2021-12-10 17:59:38,31.6,131.3667,52.75,83,2,3.33,clear sky
676,Kokopo,PG,2021-12-10 17:59:39,-4.352,152.2633,77.27,85,100,2.48,overcast clouds
677,Narasapur,IN,2021-12-10 17:59:39,16.45,81.6667,73.85,89,1,6.64,light rain
678,Yerofey Pavlovich,RU,2021-12-10 17:59:40,53.9667,121.9667,4.06,98,100,1.1,overcast clouds
